antecedents,consequents,antecedent support,consequent support,support,confidence,lift,representativity,leverage,conviction,zhangs_metric,jaccard,certainty,kulczynski
frozenset({'A'}),frozenset({'B'}),0.341,0.443,0.236,0.6920821114369501,1.5622621025664787,1.0,0.08493699999999998,1.808923809523809,0.5461343586841901,0.43065693430656926,0.4471851192763916,0.6124067442060597
frozenset({'B'}),frozenset({'A'}),0.443,0.341,0.236,0.5327313769751693,1.5622621025664787,1.0,0.08493699999999998,1.4103236714975844,0.6461446003103795,0.43065693430656926,0.2909429089152796,0.6124067442060597
